week1,week2,week4
4.773105621337891,4.654411792755127,4.511106967926025
